New listingSapphire Radeon Pulse RX 580 8gb GDDR5 11265-05-20G,125.00,Pre-owned,1 bid,23-Aug 13:45,13.37
MSI GAMING X RX 580 8GB Graphics Card 2,139.90,Pre-owned,*Buy Now*,23-Aug 13:23,14.50
MSI Radeon RX 580 Gaming X Plus 8GB DDR5 Perfect Condition Tested and Working,134.00,Pre-owned,9 bids,23-Aug 11:52,Postage
SAPPHIRE 11265-01-20G Radeon RX 580 8GB GDDR5 Graphics Card,160.00,Refurbished,*Buy Now*,23-Aug 01:31,Postage
Gigabyte Aorus AMD Radeon Rx 580 4GB GV-RX580AORUS-4GD,131.33,Pre-owned,*Buy Now*,23-Aug 01:22,54.72
New listingGIGABYTE AMD Radeon RX 580 8GB GDDR5 Graphics Card (GVRX580GAMING8GD),115.00,Pre-owned,*Buy Now*,22-Aug 23:36,Postage
Cooler Fan for MSI RX470 480 570 580 GTX1080Ti 1080 1070 1060 GAMING Card ,14.53,Brand new,*Buy Now*,22-Aug 20:49,Free
 RX 470 RX 480 RX 570 RX580 rx480 rx580 Bios MOD H.R 27/31 800+ CryptoNig mining,3.82,Brand new,*Buy Now*,22-Aug 19:49,Free
MSI Radeon RX 580 8GB ARMOR Graphics Card,154.49,Brand new,*Buy Now*,22-Aug 19:48,25.00
SAPPHIRE NITRO+ RADEON RX 580 8GB GDDR5 GRAPHICS CARD. VERY GOOD CONDITION.,132.00,Pre-owned,16 bids,22-Aug 19:22,Postage
SAPPHIRE Radeon RX 580 8gb NITRO Special Edition. Selling For Parts. Not Working,75.00,Parts only,*Buy Now*,22-Aug 19:20,Postage
XFX Radeon RX 580 8GB GTS XXX Graphics Card,162.00,Brand new,*Buy Now*,22-Aug 18:48,25.00
BEST For Sapphire RX470 RX480 RX570 RX580 RX590 Graphics Cooling GPU Fan Y6O3,5.55,Brand new,*Buy Now*,22-Aug 18:18,Free
MSI Radeon RX580 4GB Gaming X,90.00,Pre-owned,*Buy Now*,22-Aug 16:53,18.67
"XFX RX 580 GTS XXX (8GB) OC Graphics Card, VR ready, Selling due to upgrade. ",137.50,Pre-owned,10 bids,22-Aug 16:36,Postage
MSI GAMING X RX 580 8GB Graphics Card 3,139.90,Pre-owned,*Buy Now*,22-Aug 16:32,14.50
SAPPHIRE RX 580 8GB Nitro+ GPU,122.00,Pre-owned,31 bids,22-Aug 15:46,Postage
Gigabyte GTX 1070 GTX 1070ti RX580 RX570 WINDFORCE FAN PLD09210S12HH 87mm 4PIN,17.00,Brand new,*Buy Now*,22-Aug 15:06,Postage
MSI GAMING X RX 580 8GB Graphics Card,139.90,Pre-owned,*Buy Now*,22-Aug 14:33,14.50
Radeon RX 580 ARMOR SP - 8G,110.00,Pre-owned,8 bids,22-Aug 14:04,Postage
T129215SU Cooler Fan For ASUS STRIX GTX 980TI RX480/580 R9 390X/R9 390 GTX 1060,10.07,Brand new,*Buy Now*,22-Aug 13:28,Free
Sapphire AMD Radeon Pulse RX 580 8gb Gddr5,138.00,Pre-owned,*Buy Now*,22-Aug 10:06,Free
"SAPPHIRE RX 580 ""NITRO"" 4GB (GDDR5) AMD NVIDIA Graphics Card ",150.00,Brand new,*Buy Now*,22-Aug 09:16,Postage
Sonnet eGFX Breakaway Box 350W eGPU + AMD Radeon RX580 ideal for Mac,360.00,Pre-owned,14 bids,22-Aug 08:55,Postage
MSI Radeon RX 580 8 GB Armor OC Graphics Card - Currys,155.00,Brand new,*Buy Now*,21-Aug 21:50,Postage
Sapphire Pulse OC RX 580 8GB 3,139.90,Pre-owned,*Buy Now*,21-Aug 20:41,14.50
Sapphire AMD Radeon RX 580 GDDR5 8GB NITRO+ Graphics Card,140.00,Refurbished,34 bids,21-Aug 19:25,Postage
Gygabite aorus rx 580 gpu 4gb cheap,75.00,Pre-owned,*Buy Now*,21-Aug 17:08,Postage
SAPPHIRE Pulse Radeon RX 580 4G GDDR5 Dual HDMI/DVI-D/Dual DP Graphics Card,119.00,Pre-owned,*Buy Now*,21-Aug 14:27,Postage
PowerColor RX580 Red Devil 8GB,124.99,Pre-owned,*Buy Now*,21-Aug 11:33,Postage
Faulty Rx580,30.00,Pre-owned,1 bid,21-Aug 09:00,Postage
GIGABYTE AMD Radeon RX 580 8GB GDDR5 Gaming Graphics Card (GV-RX580GAMING-8GD),117.00,Pre-owned,*Buy Now*,21-Aug 08:48,Postage
MSI Radeon RX 580 GAMING X 8G ( R580GX8 ),190.00,Pre-owned,*Buy Now*,21-Aug 07:47,10.29
Genuine SAPPHIRE NITRO+ RADEON RX 580 4GB G5 GPU in Excellent Condition UK,118.00,Refurbished,*Buy Now*,21-Aug 07:13,Postage
PowerColor RX480/RX580 4GB Red Dragon VR Ready Dual BIOS.,74.97,Refurbished,*Buy Now*,21-Aug 04:51,Postage
Sapphire Radeon Rx 580 8Gb Gddr5 Pulse Amd 11265-05-20G,150.00,Pre-owned,*Buy Now*,20-Aug 23:22,Postage
ASRock Phantom Gaming X Radeon RX580 OC 8GB GDDR5 Graphics Card,130.00,Pre-owned,*Buy Now*,20-Aug 22:32,Postage
XFX Radeon RX 580 8GB GTS XXX Graphics Card,100.00,Pre-owned,*Buy Now*,20-Aug 20:17,8.87
Sapphire Pulse Radeon RX 580 8GB GDDR5 AMD Graphics Card,43.00,Parts only,18 bids,20-Aug 19:36,15.98
Gigabyte Aorus AMD Radeon Rx 580 4GB,21.00,Parts only,5 bids,20-Aug 18:33,23.00
SAPPHIRE Radeon RX 580 PULSE 4GB GDDR5 Graphics Card,21.00,Parts only,9 bids,20-Aug 18:28,23.00
XFX AMD Radeon RX 580 RS Black Edition (4096 MB) (RX-570P4DFD6) Graphics Card,21.13,Parts only,16 bids,20-Aug 16:22,Postage
"8GB Sapphire Radeon RX 580 PULSE, 14nm Polaris, 2304 Streams, 1366MHz GPU, 8000M",204.96,Brand new,*Buy Now*,20-Aug 15:34,Postage
ASUS AMD Radeon ROG Strix RX 580 8gGB Gaming Graphics Card,132.00,Opened – never used,3 bids,20-Aug 14:50,Postage
ASUS AMD Radeon ROG Strix RX 580 8gGB Gaming Graphics Card,170.00,Opened – never used,1 bid,20-Aug 14:45,Postage
SAPPHIRE Radeon RX 580 8gb NITRO Special Edition,161.00,Pre-owned,19 bids,20-Aug 13:48,20.00
XFX AMD Radeon RX 580 GT S XXX (8192 MB) (RX-580P8DFD6) Graphics Card,130.00,Pre-owned,10 bids,20-Aug 12:51,Postage
Sapphire AMD Radeon Pulse RX 580 4gb Gddr5,99.51,Pre-owned,15 bids,20-Aug 12:13,Postage
Colorful iGame Radeon RX 580 Ustorm 4G V2 Gaming Graphic Card GDDR5,92.99,Pre-owned,12 bids,20-Aug 10:15,Postage
Sapphire AMD Radeon RX 580 GDDR5 8GB NITRO+ Graphics Card,239.99,Brand new,*Buy Now*,19-Aug 20:49,11.07
New listingSapphire Radeon Pulse RX 580 8gb GDDR5 11265-05-20G,125.00,Pre-owned,1 bid,23-Aug 13:45,13.37
MSI GAMING X RX 580 8GB Graphics Card 2,139.90,Pre-owned,*Buy Now*,23-Aug 13:23,14.50
MSI Radeon RX 580 Gaming X Plus 8GB DDR5 Perfect Condition Tested and Working,134.00,Pre-owned,9 bids,23-Aug 11:52,Postage
SAPPHIRE 11265-01-20G Radeon RX 580 8GB GDDR5 Graphics Card,160.00,Refurbished,*Buy Now*,23-Aug 01:31,Postage
Gigabyte Aorus AMD Radeon Rx 580 4GB GV-RX580AORUS-4GD,131.33,Pre-owned,*Buy Now*,23-Aug 01:22,54.72
New listingGIGABYTE AMD Radeon RX 580 8GB GDDR5 Graphics Card (GVRX580GAMING8GD),115.00,Pre-owned,*Buy Now*,22-Aug 23:36,Postage
Cooler Fan for MSI RX470 480 570 580 GTX1080Ti 1080 1070 1060 GAMING Card ,14.53,Brand new,*Buy Now*,22-Aug 20:49,Free
 RX 470 RX 480 RX 570 RX580 rx480 rx580 Bios MOD H.R 27/31 800+ CryptoNig mining,3.82,Brand new,*Buy Now*,22-Aug 19:49,Free
MSI Radeon RX 580 8GB ARMOR Graphics Card,154.49,Brand new,*Buy Now*,22-Aug 19:48,25.00
SAPPHIRE NITRO+ RADEON RX 580 8GB GDDR5 GRAPHICS CARD. VERY GOOD CONDITION.,132.00,Pre-owned,16 bids,22-Aug 19:22,Postage
SAPPHIRE Radeon RX 580 8gb NITRO Special Edition. Selling For Parts. Not Working,75.00,Parts only,*Buy Now*,22-Aug 19:20,Postage
XFX Radeon RX 580 8GB GTS XXX Graphics Card,162.00,Brand new,*Buy Now*,22-Aug 18:48,25.00
BEST For Sapphire RX470 RX480 RX570 RX580 RX590 Graphics Cooling GPU Fan Y6O3,5.55,Brand new,*Buy Now*,22-Aug 18:18,Free
MSI Radeon RX580 4GB Gaming X,90.00,Pre-owned,*Buy Now*,22-Aug 16:53,18.67
"XFX RX 580 GTS XXX (8GB) OC Graphics Card, VR ready, Selling due to upgrade. ",137.50,Pre-owned,10 bids,22-Aug 16:36,Postage
MSI GAMING X RX 580 8GB Graphics Card 3,139.90,Pre-owned,*Buy Now*,22-Aug 16:32,14.50
SAPPHIRE RX 580 8GB Nitro+ GPU,122.00,Pre-owned,31 bids,22-Aug 15:46,Postage
Gigabyte GTX 1070 GTX 1070ti RX580 RX570 WINDFORCE FAN PLD09210S12HH 87mm 4PIN,17.00,Brand new,*Buy Now*,22-Aug 15:06,Postage
MSI GAMING X RX 580 8GB Graphics Card,139.90,Pre-owned,*Buy Now*,22-Aug 14:33,14.50
Radeon RX 580 ARMOR SP - 8G,110.00,Pre-owned,8 bids,22-Aug 14:04,Postage
T129215SU Cooler Fan For ASUS STRIX GTX 980TI RX480/580 R9 390X/R9 390 GTX 1060,10.07,Brand new,*Buy Now*,22-Aug 13:28,Free
Sapphire AMD Radeon Pulse RX 580 8gb Gddr5,138.00,Pre-owned,*Buy Now*,22-Aug 10:06,Free
"SAPPHIRE RX 580 ""NITRO"" 4GB (GDDR5) AMD NVIDIA Graphics Card ",150.00,Brand new,*Buy Now*,22-Aug 09:16,Postage
Sonnet eGFX Breakaway Box 350W eGPU + AMD Radeon RX580 ideal for Mac,360.00,Pre-owned,14 bids,22-Aug 08:55,Postage
MSI Radeon RX 580 8 GB Armor OC Graphics Card - Currys,155.00,Brand new,*Buy Now*,21-Aug 21:50,Postage
Sapphire Pulse OC RX 580 8GB 3,139.90,Pre-owned,*Buy Now*,21-Aug 20:41,14.50
Sapphire AMD Radeon RX 580 GDDR5 8GB NITRO+ Graphics Card,140.00,Refurbished,34 bids,21-Aug 19:25,Postage
Gygabite aorus rx 580 gpu 4gb cheap,75.00,Pre-owned,*Buy Now*,21-Aug 17:08,Postage
SAPPHIRE Pulse Radeon RX 580 4G GDDR5 Dual HDMI/DVI-D/Dual DP Graphics Card,119.00,Pre-owned,*Buy Now*,21-Aug 14:27,Postage
PowerColor RX580 Red Devil 8GB,124.99,Pre-owned,*Buy Now*,21-Aug 11:33,Postage
Faulty Rx580,30.00,Pre-owned,1 bid,21-Aug 09:00,Postage
GIGABYTE AMD Radeon RX 580 8GB GDDR5 Gaming Graphics Card (GV-RX580GAMING-8GD),117.00,Pre-owned,*Buy Now*,21-Aug 08:48,Postage
MSI Radeon RX 580 GAMING X 8G ( R580GX8 ),190.00,Pre-owned,*Buy Now*,21-Aug 07:47,10.29
Genuine SAPPHIRE NITRO+ RADEON RX 580 4GB G5 GPU in Excellent Condition UK,118.00,Refurbished,*Buy Now*,21-Aug 07:13,Postage
PowerColor RX480/RX580 4GB Red Dragon VR Ready Dual BIOS.,74.97,Refurbished,*Buy Now*,21-Aug 04:51,Postage
Sapphire Radeon Rx 580 8Gb Gddr5 Pulse Amd 11265-05-20G,150.00,Pre-owned,*Buy Now*,20-Aug 23:22,Postage
ASRock Phantom Gaming X Radeon RX580 OC 8GB GDDR5 Graphics Card,130.00,Pre-owned,*Buy Now*,20-Aug 22:32,Postage
XFX Radeon RX 580 8GB GTS XXX Graphics Card,100.00,Pre-owned,*Buy Now*,20-Aug 20:17,8.87
Sapphire Pulse Radeon RX 580 8GB GDDR5 AMD Graphics Card,43.00,Parts only,18 bids,20-Aug 19:36,15.98
Gigabyte Aorus AMD Radeon Rx 580 4GB,21.00,Parts only,5 bids,20-Aug 18:33,23.00
SAPPHIRE Radeon RX 580 PULSE 4GB GDDR5 Graphics Card,21.00,Parts only,9 bids,20-Aug 18:28,23.00
XFX AMD Radeon RX 580 RS Black Edition (4096 MB) (RX-570P4DFD6) Graphics Card,21.13,Parts only,16 bids,20-Aug 16:22,Postage
"8GB Sapphire Radeon RX 580 PULSE, 14nm Polaris, 2304 Streams, 1366MHz GPU, 8000M",204.96,Brand new,*Buy Now*,20-Aug 15:34,Postage
ASUS AMD Radeon ROG Strix RX 580 8gGB Gaming Graphics Card,132.00,Opened – never used,3 bids,20-Aug 14:50,Postage
ASUS AMD Radeon ROG Strix RX 580 8gGB Gaming Graphics Card,170.00,Opened – never used,1 bid,20-Aug 14:45,Postage
SAPPHIRE Radeon RX 580 8gb NITRO Special Edition,161.00,Pre-owned,19 bids,20-Aug 13:48,20.00
XFX AMD Radeon RX 580 GT S XXX (8192 MB) (RX-580P8DFD6) Graphics Card,130.00,Pre-owned,10 bids,20-Aug 12:51,Postage
Sapphire AMD Radeon Pulse RX 580 4gb Gddr5,99.51,Pre-owned,15 bids,20-Aug 12:13,Postage
Colorful iGame Radeon RX 580 Ustorm 4G V2 Gaming Graphic Card GDDR5,92.99,Pre-owned,12 bids,20-Aug 10:15,Postage
Sapphire AMD Radeon RX 580 GDDR5 8GB NITRO+ Graphics Card,239.99,Brand new,*Buy Now*,19-Aug 20:49,11.07
